Id,Label
#lgbtq,#lgbtq
#superstraight,#superstraight
#shehulk,#shehulk
#authorsoftwitter,#authorsoftwitter
#fantasy,#fantasy
#asian,#asian
#libsoftiktok,#libsoftiktok
#janetmason,#janetmason
#genders,#genders
#maried,#maried
@libsoftiktok,@libsoftiktok
@LincsPolice,@LincsPolice
#defundstonewall,#defundstonewall
#monk,#monk
#strawman,#strawman
#january6th,#january6th
#mustread,#mustread
#white,#white
#getstonewalloutofpolicing,#getstonewalloutofpolicing
#mystery,#mystery
@Sharinberg,@Sharinberg
#edited,#edited
#stonewall,#stonewall
#single,#single
@FoxNews,@FoxNews
@amusejanetmason,@amusejanetmason
#agenda2030,#agenda2030
#thriller,#thriller
#acab,#acab
#unicorn,#unicorn
#booktwitter,#booktwitter
#tuesdaybookblog,#tuesdaybookblog
@tjklune,@tjklune
#black,#black
#fiction,#fiction
#blm,#blm
#covid,#covid
#lgbt,#lgbt
#divorced,#divorced
